ISBN;TÍTULO;AUTOR;CATEGORÍA;EJEMPLARES_TOTALES;EJEMPLARES_DISPONIBLES;PRECIO_REFERENCIA;ACTIVO;CREADO_EN
123;prueba2;prueba2;prueba2;3;3;1000,00;SI;2025-10-14T14:52:18
9781111111111;prueba2;prueba2;prueba2;6;6;1000,00;SI;2025-10-14T14:24:28
9781234567890;prueba2;prueba2;prueba2;9;9;1000,00;SI;2025-10-14T14:24:28
9782222222222;Don Quijote de la Mancha;Miguel de Cervantes;Clásico;4;4;30000,00;SI;2025-10-14T14:24:28
9789876543210;Java Básico;James Gosling;Programación;5;5;40000,00;SI;2025-10-14T14:24:28
