ID;Socio;Libro;FechaPrestamo;FechaDevolucion;Devuelto;Multa
13;Carlos Pérez;prueba2;2025-10-14;2025-10-23;Sí;0,00
12;Carlos Pérez;prueba2;2025-10-14;2025-10-23;Sí;0,00
11;juan;prueba2;2025-10-14;2025-10-23;Sí;0,00
10;juan;prueba2;2025-10-14;2025-10-23;Sí;0,00
9;juan;prueba2;2025-10-14;2025-10-15;Sí;0,00
8;juan;prueba2;2025-10-14;2025-10-21;Sí;0,00
7;juan;prueba2;2025-10-14;2025-10-21;Sí;0,00
6;Carlos Pérez;prueba2;2025-10-14;2025-10-30;Sí;0,00
5;Carlos Pérez;prueba2;2025-10-14;2025-10-30;Sí;0,00
4;juan;Java Básico;2025-10-14;2025-10-29;Sí;0,00
3;juan;prueba2;2025-10-14;2025-10-29;Sí;0,00
1;juan;prueba2;2025-10-01;2025-10-08;Sí;9000,00
2;Carlos Pérez;Java Básico;2025-09-25;2025-10-02;Sí;1500,00
